ID,Document,Category,Question,Gold_Answer
1,Responsible AI Governance and External Engagement,AI Governance,Why should organizations establish an AI governance system?,"Organizations should establish an AI governance system to provide oversight and guidance that is tailored to their unique characteristics, culture, guiding principles, and level of AI engagement."
2,Responsible AI Governance and External Engagement,AI Governance,What is the first step in establishing an AI governance system?,The first step is to establish guiding ethical principles for the organization.
3,Responsible AI Governance and External Engagement,AI Governance,What are the primary objectives of an AI governance system?,"Its objectives include developing and implementing policies, standards, and best practices, building a culture of integrity, providing advice, and educating employees."
4,Responsible AI Governance and External Engagement,AI Governance,What three governance approaches are presented in the document?,"The document presents three governance approaches: hiring a Chief Ethics Officer, establishing an ethics office, and forming an ethics committee."
5,Responsible AI Governance and External Engagement,Chief Ethics Officer,What is an advantage of appointing a Chief Ethics Officer?,"A Chief Ethics Officer enables centralized decision-making, helps develop ethical policies quickly, ensures accountability, and demonstrates the company's commitment to responsible AI."
6,Responsible AI Governance and External Engagement,Ethics Office,What is the primary advantage of an ethics office?,"An ethics office can implement ethical policies throughout the organization, ensure policies are followed, and help build a culture of integrity."
7,Responsible AI Governance and External Engagement,Ethics Committee,What is the main benefit of an ethics committee?,"An ethics committee brings together diverse expertise, independent perspectives, and support from senior leadership to develop and implement responsible AI practices."
8,Responsible AI Governance and External Engagement,AI Governance,What should every governance system create to manage AI within an organization?,"It should create an overall handbook or manual that governs how AI is deployed, used, maintained, and monitored within the organization."
9,Responsible AI Governance and External Engagement,Third-Party AI,What should organizations do before deploying a third-party AI system?,"They should evaluate the vendor's commitment to responsible AI, establish operational guidelines, train employees, and rigorously test the system before deployment."
10,Responsible AI Governance and External Engagement,First-Party AI,What should be reviewed before releasing an internally developed AI system?,"The governance system should review the AI system's purpose, technical capabilities, reliability, potential risks, and sensitive use cases before release."
11,Responsible AI Governance and External Engagement,Developers,Why should developers receive ethical AI guidelines?,"Developers should receive detailed guidance so they can design AI systems that reflect the organization's ethical principles and reduce risks such as bias, privacy issues, and exclusion."
12,Responsible AI Governance and External Engagement,External Engagement,Why is collaboration with external organizations important for responsible AI?,"Collaboration among enterprises, governments, public organizations, non-profits, and researchers helps address AI challenges while maximizing AI's benefits for society."
13,Responsible AI Governance and External Engagement,Public Policy,Why should companies participate in AI policy discussions?,"Companies should participate because AI regulations are still evolving, and organizations can help shape policies that protect society while supporting innovation."
14,Responsible AI Governance and External Engagement,Future of Work,How does Microsoft describe the role of AI in the workforce?,Microsoft aims to develop AI that augments human abilities rather than replaces them by combining computer capabilities with human creativity and judgment.
15,Responsible AI Governance and External Engagement,AI for Good,What is the purpose of Microsoft's AI for Good initiative?,"AI for Good uses AI, technology, financial support, and partnerships to help address humanitarian, environmental, accessibility, and other societal challenges."
1,Enable Remote Work,Introduction,What is the main purpose of the Enabling Remote Work guide?,"The guide is designed to help organizations enable remote workers to stay connected, productive, and secure."
2,Enable Remote Work,Introduction,Who is the primary audience of the Enabling Remote Work guide?,"The guide is intended for IT decision makers and IT professionals responsible for infrastructure, networking, identity, devices, security, and remote work support."
3,Enable Remote Work,Identity,What is the first step Microsoft recommends for securing remote work?,Organizations should connect their on-premises identity infrastructure to Azure Active Directory (Azure AD).
4,Enable Remote Work,Identity,What two cloud authentication methods are supported by Azure Active Directory?,Azure Active Directory supports Password Hash Synchronization (PHS) and Pass-through Authentication (PTA).
5,Enable Remote Work,Security,Which authentication method does Microsoft strongly recommend for all users?,Microsoft strongly recommends enabling Multifactor Authentication (MFA) for all users.
6,Enable Remote Work,Security,Which application does Microsoft recommend for Multifactor Authentication?,Microsoft recommends using Microsoft Authenticator for Multifactor Authentication.
7,Enable Remote Work,Security,Why should organizations enable MFA immediately for remote workers?,Microsoft recommends treating MFA as a security priority because it significantly improves account protection even if additional user support is required.
8,Enable Remote Work,Network,What are the two main steps Microsoft recommends for network optimization?,Organizations should identify the endpoints that require optimization and then optimize those endpoints.
9,Enable Remote Work,Network,Which VPN configuration does Microsoft recommend for optimized Microsoft 365 traffic?,Microsoft recommends using split tunneling for optimized Microsoft 365 endpoints.
10,Enable Remote Work,Applications,Approximately how many applications do Microsoft's customers use on average?,Microsoft states that customers use approximately 180 applications on average.
11,Enable Remote Work,Applications,What is the purpose of Azure AD Application Proxy?,Azure AD Application Proxy provides secure remote access to on-premises web applications without requiring a VPN.
12,Enable Remote Work,Security,What does Azure AD Conditional Access allow organizations to do?,Conditional Access enables organizations to apply security policies so that authorized users can securely access the applications they need.
13,Enable Remote Work,VPN,Which Azure VPN solution is recommended for rapidly supporting remote workers?,Microsoft recommends Azure Point-to-Site (P2S) VPN.
14,Enable Remote Work,VPN,Why is Azure Point-to-Site VPN useful during rapid remote work deployment?,"It can be deployed quickly, scaled as demand increases, and removed when it is no longer required."
15,Enable Remote Work,Security,What is Microsoft Secure Score?,Microsoft Secure Score is a measurement of an organization's security posture that provides recommendations to improve security.
16,Enable Remote Work,Applications,What benefit does Azure AD provide when applications are connected to it?,Employees only need to sign in once to securely access all authorized applications using a single set of credentials.
17,Enable Remote Work,Applications,What is the purpose of the My Apps Portal?,The My Apps Portal allows remote workers to find and access all applications they have permission to use.
18,Enable Remote Work,Security,Why should organizations review Conditional Access policies before enabling remote work?,Existing policies that block access from outside the corporate network may prevent employees from working remotely and should be reviewed.
19,Enable Remote Work,Security,What are Security Defaults in Azure Active Directory?,Security Defaults provide a basic level of security for users and applications at no additional cost.
20,Enable Remote Work,Applications,How does Azure AD Application Proxy help remote workers?,It provides secure Internet access to on-premises applications without requiring a VPN or exposing the internal network.
21,Enable Remote Work,VPN,Why is a VPN especially useful for remote workers?,"A VPN provides a secure connection to the organization's network, especially when employees use public Wi-Fi."
22,Enable Remote Work,VPN,What is Azure Point-to-Site (P2S) VPN?,Azure Point-to-Site VPN is a cloud-based VPN solution that allows individual client computers to securely connect to Azure virtual networks.
23,Enable Remote Work,VPN,How is a Point-to-Site VPN connection established?,The connection is initiated directly from the client computer.
24,Enable Remote Work,VPN,Why does Microsoft recommend collecting VPN traffic data?,"Collecting connection and traffic data helps organizations identify network bottlenecks, monitor usage, and plan for future growth."
25,Enable Remote Work,VPN,Which visualization tool does Microsoft recommend for analyzing VPN usage?,Microsoft recommends using Power BI to visualize VPN connection and traffic data.
26,Enable Remote Work,VPN,What authentication mechanism does Microsoft recommend for scalable VPN deployments?,Microsoft recommends using Azure Active Directory as a dynamic and scalable authentication mechanism.
27,Enable Remote Work,VPN,How can organizations improve VPN security?,Organizations should enable Multifactor Authentication for VPN clients that support Active Directory authentication.
28,Enable Remote Work,VPN,Why should VPN sites be geographically distributed?,Geographically distributing VPN sites helps direct users to the closest location and balances traffic across VPN infrastructure.
29,Enable Remote Work,Security,What is the purpose of Just-In-Time (JIT) Virtual Machine access?,JIT access reduces security risks by limiting administrative access to virtual machines to only the time when it is needed.
30,Enable Remote Work,Security,Why should organizations review vulnerabilities in Azure Security Center?,Organizations should prioritize critical security updates and remediate vulnerabilities before remote workers access company workloads.
31,Enable Remote Work,Virtual Desktop,What is Windows Virtual Desktop (WVD)?,Windows Virtual Desktop is a cloud-based desktop and application virtualization service that provides secure remote access to corporate desktops and applications.
32,Enable Remote Work,Virtual Desktop,What are the main advantages of Windows Virtual Desktop?,"It offers simplified management, multi-session Windows 10, Office 365 optimization, built-in security features, and rapid deployment on Azure."
33,Enable Remote Work,Remote Desktop,What does Remote Desktop allow remote workers to do?,Remote Desktop allows employees to securely connect to a workplace computer from another device and use it as if they were physically present.
34,Enable Remote Work,Security,What is the purpose of Microsoft Secure Score?,Microsoft Secure Score measures an organization's security posture and provides recommendations to improve security.
35,Enable Remote Work,Security,Where can organizations access Microsoft Secure Score?,Secure Score is available in the Microsoft 365 Security Center and in the Azure Security Center.
36,Enable Remote Work,Collaboration,Why does Microsoft recommend Microsoft Teams and Microsoft 365 for remote work?,"They help employees communicate, collaborate, share files, and remain productive while working remotely."
37,Enable Remote Work,Microsoft Teams,What activities can employees perform in Microsoft Teams?,"Employees can chat, meet, make calls, collaborate, and share files in a single platform."
38,Enable Remote Work,Microsoft Teams,Which platforms support Microsoft Teams?,"Microsoft Teams is available on Windows, macOS, Linux, web browsers, Android, and iOS."
39,Enable Remote Work,Microsoft Teams,What communication features are available in Microsoft Teams chats?,"Teams supports one-to-one chats, group chats, threaded conversations, GIFs, stickers, and emojis."
40,Enable Remote Work,Microsoft Teams,How many participants can Microsoft Teams meetings support according to the guide?,Microsoft Teams meetings can support up to 250 participants.
1,Internal Employee Handbook,Introduction,What is the purpose of the Employee Handbook?,"The Employee Handbook provides employees with information about working conditions, employee benefits, workplace expectations, and the policies and procedures governing employment."
2,Internal Employee Handbook,Introduction,Who does the Employee Handbook apply to?,The Handbook applies to all employees of the Company.
3,Internal Employee Handbook,Introduction,Does the Handbook create an employment contract?,No. The Handbook is provided for informational purposes only and does not constitute an employment contract or promise of employment.
4,Internal Employee Handbook,Introduction,What are employees required to do after receiving the Handbook?,"Employees must read, understand, comply with the Handbook, and acknowledge that they have received and understood it."
5,Internal Employee Handbook,Mission,What is the Company's mission?,"The Company is committed to developing secure, intelligent, and responsible digital solutions while fostering innovation, leadership, collaboration, integrity, and customer trust."
6,Internal Employee Handbook,Company,What industries does the Company operate in?,"The Company develops software solutions, cloud services, Artificial Intelligence technologies, and cybersecurity platforms."
7,Internal Employee Handbook,Company,What types of professional teams work within the Company?,"Teams include software engineering, Artificial Intelligence, cloud computing, cybersecurity, data science, product development, customer success, and business operations."
8,Internal Employee Handbook,Values,What does the Company believe technology should achieve?,"The Company believes technology should improve people's lives while protecting privacy, strengthening security, and promoting responsible innovation."
9,Internal Employee Handbook,Values,What core values guide employee behavior?,"Employees are expected to demonstrate respect, professional responsibility, collaboration, integrity, teamwork, innovation, and continuous learning."
10,Internal Employee Handbook,Values,What strategic priorities guide the Company's culture?,"Innovation, Customer Success, Integrity, Collaboration, Accountability, Security, Responsible Artificial Intelligence, and Continuous Learning."
11,Internal Employee Handbook,Philosophy,What is the purpose of the Company's culture?,"The Company's culture aims to develop knowledgeable, innovative, and ethical professionals who contribute effectively to organizational success."
12,Internal Employee Handbook,Philosophy,How does the Company encourage critical thinking?,"Employees are encouraged to analyze information objectively, evaluate evidence, solve complex problems creatively, and make informed decisions."
13,Internal Employee Handbook,Philosophy,What does the Company mean by customer focus?,"Employees should understand customer needs and deliver products, services, and experiences that build long-term trust and satisfaction."
14,Internal Employee Handbook,Philosophy,How does the Company support continuous learning?,"The Company encourages continuous learning through training, practical experience, curiosity, adaptability, and lifelong learning."
15,Internal Employee Handbook,Responsible AI,What principles should guide the Company's use of Artificial Intelligence?,"Artificial Intelligence should be transparent, secure, fair, privacy-preserving, and subject to appropriate human oversight throughout its lifecycle."
16,Internal Employee Handbook,Employee Policies,How is an employee defined by the Company?,"An employee is a person who regularly works for the Company on a wage or salary basis and is subject to Company policies, supervision, and direction."
17,Internal Employee Handbook,Employee Policies,What are the four main employee categories within the Company?,"Executive Management, Engineering and Technical Staff, Business Operations and Administrative Staff, and Information Technology and Infrastructure."
18,Internal Employee Handbook,Employee Policies,Who is responsible for classifying employees for benefit eligibility?,The Human Resources Department is responsible for classifying employees for eligibility to receive Company benefits.
19,Internal Employee Handbook,Employee Policies,What is an exempt employee?,An exempt employee is one whose position meets applicable labor law criteria and is exempt from overtime pay requirements.
20,Internal Employee Handbook,Employee Policies,How many hours per week must a Regular Full-Time Employee normally work?,A Regular Full-Time Employee is regularly scheduled to work at least 30 hours per week.
21,Internal Employee Handbook,Employee Policies,What is a Limited-Term Employee?,"A Limited-Term Employee is hired temporarily for a specific project or assignment, usually not exceeding three months."
22,Internal Employee Handbook,Employee Policies,Can a Limited-Term Employee automatically become a Regular Employee by working longer?,No. Limited-Term Employees do not become Regular Employees solely because of the passage of time.
23,Internal Employee Handbook,Employee Policies,What departments are considered technical departments for Full-Time Technical Employees?,"Software Engineering, Artificial Intelligence, Cloud Computing, Cybersecurity, Data Science, Infrastructure, and Product Development."
24,Internal Employee Handbook,Employee Policies,What is expected of Regular Full-Time Business Employees?,"They are expected to be available during business hours, attend required meetings and training, and fulfill all responsibilities associated with their position."
25,Internal Employee Handbook,Equal Opportunity,What principle guides the Company's employment decisions?,"Employment decisions are based solely on business needs, qualifications, performance, skills, and merit."
26,Internal Employee Handbook,Equal Opportunity,What should employees do if they experience discrimination or harassment?,Employees should report concerns to their immediate supervisor or the Human Resources Department without fear of retaliation.
27,Internal Employee Handbook,Employment,What does Employment At Will mean?,"Either the employee or the Company may terminate the employment relationship at any time, with or without notice or cause, as permitted by law."
28,Internal Employee Handbook,Corrective Action,What is the purpose of corrective action within the Company?,"Corrective action is intended to improve employee performance, address policy violations, and maintain a productive and respectful work environment."
29,Internal Employee Handbook,Corrective Action,What is the typical sequence of corrective action?,"The sequence generally includes a verbal warning, written warning, performance improvement plan (PIP), suspension, and termination if necessary."
30,Internal Employee Handbook,Corrective Action,Name three violations that may result in immediate termination of employment.,"Examples include theft or fraud, unauthorized access to Company systems or confidential information, violence or threats of violence, serious information security violations, harassment, or working under the influence of alcohol or illegal drugs."
31,Internal Employee Handbook,Confidentiality,Why is protecting confidential business information important?,Protecting confidential business information and trade secrets is vital to the interests and success of the organization.
32,Internal Employee Handbook,Confidentiality,Name three examples of confidential information covered by the handbook.,"Examples include compensation data, financial information, marketing strategies, computer programs and codes, personnel records, student records, and proprietary materials."
33,Internal Employee Handbook,Confidentiality,What may happen if an employee improperly discloses confidential information?,"Employees who improperly use or disclose confidential information may face disciplinary action, termination of employment, and legal action."
34,Internal Employee Handbook,Orientation,What is the purpose of new employee orientation?,"New employee orientation is designed to make new employees feel welcome, informed about the organization, and prepared for their position."
35,Internal Employee Handbook,Orientation,Who conducts new employee orientation?,Orientation is conducted by the Human Resources Department together with the employee's supervisor.
36,Internal Employee Handbook,Orientation,What topics are introduced during orientation?,"Orientation includes the organization's history, mission, values, goals, employee benefits, workplace procedures, and required paperwork."
37,Internal Employee Handbook,Probation,How long is the probationary period for new regular employees?,The probationary period lasts up to 90 days from the employee's date of hire.
38,Internal Employee Handbook,Probation,What rights do both the employee and the organization have during the probationary period?,"During the probationary period, either the employee or the organization may terminate the employment relationship without advance notice."
39,Internal Employee Handbook,Personnel Records,What information should employees promptly report to Human Resources when it changes?,"Employees should promptly report changes such as their mailing address, telephone number, dependents, and emergency contact information."
40,Internal Employee Handbook,Performance Review,How often are formal performance reviews conducted?,Supervisors conduct formal performance reviews and planning sessions annually for regular full-time and regular part-time employees.
41,Internal Employee Handbook,Performance Review,What is the purpose of performance review and planning sessions?,"Performance reviews provide an opportunity to discuss current responsibilities, recognize achievements, establish work-related goals, develop new skills, and identify areas for improvement."
42,Internal Employee Handbook,Performance Review,Are salary increases automatically tied to annual performance reviews?,No. Wage and salary increases are proposed during the yearly contracting period and depend on the organization's financial circumstances.
43,Internal Employee Handbook,Outside Employment,Under what conditions may employees hold outside employment?,"Employees may hold outside employment if it does not interfere with their responsibilities, create a conflict of interest, violate their employment contract, or affect their job performance."
44,Internal Employee Handbook,Outside Employment,Can company equipment and office space be used for outside employment?,"No. Company office space, equipment, and materials may not be used for outside employment."
45,Internal Employee Handbook,Employment Termination,How much written notice should employees provide before resigning?,"Non-exempt employees should provide at least two weeks' written notice, while exempt employees should provide at least four weeks' written notice before resigning."
46,Internal Employee Handbook,Employment Termination,What are the common types of employment termination described in the handbook?,"The handbook identifies resignation, termination, layoff, retirement, job abandonment, and the completion of temporary employment as common forms of employment termination."
47,Internal Employee Handbook,Employment Termination,What is a resignation?,A resignation is a voluntary employment termination initiated by the employee.
48,Internal Employee Handbook,Employment Termination,What is a termination?,A termination is an involuntary employment termination initiated by the Company.
49,Internal Employee Handbook,Employment Termination,What is a layoff?,A layoff is an involuntary employment termination initiated by the Company for non-disciplinary reasons.
50,Internal Employee Handbook,Employment Termination,How are employee benefits affected when employment ends?,"All vested benefits that are due and payable at termination will be paid, and some benefits may be continued at the employee's expense if the employee elects to do so."
1,Microsoft Privacy Statement,Overview,What is the purpose of the Microsoft Privacy Statement?,"The Privacy Statement explains what personal data Microsoft processes, how it processes that data, and for what purposes."
2,Microsoft Privacy Statement,Overview,When was the Privacy Statement last updated?,The Privacy Statement was last updated in June 2026.
3,Microsoft Privacy Statement,Overview,Why was the Privacy Statement updated?,"It was updated to make it easier to read, navigate, and understand, with clearer explanations of data use and user choices."
4,Microsoft Privacy Statement,Overview,Who does the Privacy Statement apply to?,"It applies to interactions between Microsoft and users, Microsoft products listed in the statement, and other Microsoft products that display the statement."
5,Microsoft Privacy Statement,Personal Data,How does Microsoft collect personal data?,"Microsoft collects data through users' interactions with Microsoft and through their use of Microsoft products. Some data is provided directly by users, while other data is collected automatically based on product usage."
6,Microsoft Privacy Statement,Personal Data,Why does Microsoft collect personal data?,"Microsoft collects personal data to operate, improve, and provide the best possible user experiences."
7,Microsoft Privacy Statement,Personal Data,What types of contact information may Microsoft collect?,"Microsoft may collect first and last names, email addresses, postal addresses, telephone numbers, and other similar contact information."
8,Microsoft Privacy Statement,Personal Data,What are account credentials?,"Account credentials are information used to access an account, such as usernames, passwords, and password hints."
9,Microsoft Privacy Statement,Personal Data,What demographic information may Microsoft collect?,"Microsoft may collect demographic information such as age, gender, country, and language preference."
10,Microsoft Privacy Statement,Personal Data,What interaction data does Microsoft collect?,"Microsoft collects information about product usage, including features used, searches, commands entered, error reports, and support requests."
11,Microsoft Privacy Statement,Personal Data,What device and usage information may Microsoft collect?,"Microsoft may collect hardware and software details, device identifiers, IP addresses, operating system information, performance data, and product settings."
12,Microsoft Privacy Statement,Support,What information may Microsoft collect during support requests?,"Microsoft may collect contact information, authentication details, communication content, device status, product information, and may monitor or record phone calls or chat sessions."
1,Microsoft_Report_CSRFY17_Empowering_our_Employees,Overview,What is the main objective of Microsoft's approach to empowering employees?,"Microsoft aims to create a respectful, rewarding, diverse, and inclusive work environment that enables employees to create products and services that help others achieve more."
2,Microsoft_Report_CSRFY17_Empowering_our_Employees,Culture,What does Microsoft identify as the most important driver of its success?,"Microsoft identifies its culture as the most important driver of its success, emphasizing a growth mindset."
3,Microsoft_Report_CSRFY17_Empowering_our_Employees,Culture,What is a growth mindset according to Microsoft?,"A growth mindset is the belief that everyone can grow and develop, that potential is nurtured rather than predetermined, and that people can change their mindset."
4,Microsoft_Report_CSRFY17_Empowering_our_Employees,Human Rights,Which international initiative has Microsoft signed to demonstrate its commitment to human rights?,Microsoft is a signatory to the United Nations Global Compact.
5,Microsoft_Report_CSRFY17_Empowering_our_Employees,Human Rights,Name two international human rights frameworks Microsoft commits to respecting.,Microsoft commits to respecting the Universal Declaration of Human Rights and the International Covenant on Civil and Political Rights.
6,Microsoft_Report_CSRFY17_Empowering_our_Employees,Compensation,What percentage of Microsoft employees are eligible for an annual stock award?,More than 85 percent of Microsoft employees are eligible for an annual stock award.
7,Microsoft_Report_CSRFY17_Empowering_our_Employees,Compensation,What percentage of Microsoft employees are eligible for a cash bonus?,Ninety percent of Microsoft employees are eligible for a cash bonus.
8,Microsoft_Report_CSRFY17_Empowering_our_Employees,Compensation,How are employee bonuses determined?,Bonuses are based on an individual's business impact over the previous year.
9,Microsoft_Report_CSRFY17_Empowering_our_Employees,Diversity and Inclusion,What is the goal of Microsoft's Global Diversity and Inclusion Office?,The office works to strengthen diversity and inclusion initiatives and create an environment where all employees can do their best work.
10,Microsoft_Report_CSRFY17_Empowering_our_Employees,Diversity and Inclusion,How does Microsoft strengthen diversity and inclusion?,"Microsoft strengthens diversity and inclusion by improving organizational understanding, increasing leadership accountability, and enhancing diversity initiatives."
11,Microsoft_Report_CSRFY17_Empowering_our_Employees,Training,What is Microsoft's philosophy toward employee learning?,Microsoft believes learning should occur through multiple methods and that employees should receive the right learning at the right time in the right way.
12,Microsoft_Report_CSRFY17_Empowering_our_Employees,Training,What learning formats does Microsoft provide?,"Microsoft offers classroom training, online learning, videos, mobile apps, podcasts, and other learning formats in multiple languages."
13,Microsoft_Report_CSRFY17_Empowering_our_Employees,Training,"Besides formal courses, what career development opportunities are available?","Employees have access to stretch assignments, promotion opportunities, career coaching, customized manager training, and new employee orientation."
14,Microsoft_Report_CSRFY17_Empowering_our_Employees,Wellness,What is the goal of Microsoft's Health and Safety program?,The Health and Safety program supports employee well-being by integrating safe work practices and continually improving workplace health and safety.
15,Microsoft_Report_CSRFY17_Empowering_our_Employees,Wellness,How does Microsoft reduce workplace safety risks?,"Microsoft assesses workplace risks, implements hazard controls, provides safety training, and regularly evaluates workspaces using safety-focused design principles."
1,Microsoft_New_Future_of_Work_Report_2022,Overview,What is the title of the report?,Microsoft New Future of Work Report 2022.
2,Microsoft_New_Future_of_Work_Report_2022,Overview,What is the purpose of the report?,To summarize recent research from Microsoft and around the world to help create a better future of work.
3,Microsoft_New_Future_of_Work_Report_2022,Overview,Why was this report created?,To summarize important research developments related to hybrid work and facilitate knowledge sharing.
4,Microsoft_New_Future_of_Work_Report_2022,Overview,What event accelerated changes in the way people work?,The Great Remote Work Experiment that began in March 2020.
5,Microsoft_New_Future_of_Work_Report_2022,Overview,What major work model does the report focus on?,Hybrid work.
6,Microsoft_New_Future_of_Work_Report_2022,Overview,Who is the Chief Scientist and Technical Fellow introducing the report?,Jaime Teevan.
7,Microsoft_New_Future_of_Work_Report_2022,Initiative,What is the New Future of Work Initiative?,"Microsoft's largest research initiative bringing together researchers from Microsoft, LinkedIn, and GitHub to study the future of work."
8,Microsoft_New_Future_of_Work_Report_2022,Initiative,Which organizations contributed researchers to the New Future of Work Initiative?,"Microsoft, LinkedIn, and GitHub."
9,Microsoft_New_Future_of_Work_Report_2022,Structure,Into how many research scales is the report organized?,Four scales.
10,Microsoft_New_Future_of_Work_Report_2022,Structure,What are the four research scales covered in the report?,"Individuals, Teams, Organizations, and Society."
11,Microsoft_New_Future_of_Work_Report_2022,Individuals,What topics are covered under the Individuals scale?,"Productivity, wellbeing, and the relationship between work and life."
12,Microsoft_New_Future_of_Work_Report_2022,Teams,What topics are covered under the Teams scale?,"Collaboration, meetings, asynchronous work, collaboration tools, and virtual or mixed reality."
13,Microsoft_New_Future_of_Work_Report_2022,Organizations,What topics are covered under the Organizations scale?,"Social capital, cross-team communication, office space, employee expectations, systemic loneliness, and the Great Reshuffle."
14,Microsoft_New_Future_of_Work_Report_2022,Society,What topics are covered under the Society scale?,"The changing geography of work, remote work, disparate impacts, and sustainability."
15,Microsoft_New_Future_of_Work_Report_2022,Research,Which research methods does the report highlight?,"AI, causal inference, experimentation, field work, surveys, interviews, and prototype building."
16,Microsoft_New_Future_of_Work_Report_2022,Individuals,What work arrangement do most information workers prefer according to the report?,Most information workers prefer a hybrid work model that combines working from home with working in the office.
17,Microsoft_New_Future_of_Work_Report_2022,Individuals,How is hybrid work defined for individual employees?,"Hybrid work means working part of the time in the office and part of the time from another location, such as home."
18,Microsoft_New_Future_of_Work_Report_2022,Individuals,Why do many employees value hybrid work?,Employees value hybrid work because it offers greater flexibility in where and how they work while helping them balance personal and professional responsibilities.
19,Microsoft_New_Future_of_Work_Report_2022,Individuals,What concerns do employees have about working outside the office?,Employees are concerned about reduced social interaction and lower visibility to leadership.
20,Microsoft_New_Future_of_Work_Report_2022,Individuals,How have employers' attitudes toward hybrid work changed?,Employers have become more accepting of hybrid work and are increasingly planning hybrid work models.
21,Microsoft_New_Future_of_Work_Report_2022,Individuals,Do employees generally want more or less flexibility than employers currently plan to provide?,Employees generally want more flexibility than employers currently plan to provide.
22,Microsoft_New_Future_of_Work_Report_2022,Individuals,What important question remains about the future of hybrid work?,Researchers continue to study whether employers will become more flexible or whether employees will return to the office.
23,Microsoft_New_Future_of_Work_Report_2022,Productivity,Why does the report state that productivity cannot be measured using a single metric?,"Because productivity includes multiple dimensions such as performance, collaboration, efficiency, well-being, and innovation."
24,Microsoft_New_Future_of_Work_Report_2022,Productivity,How do managers and individual contributors often define productivity differently?,"Managers are more likely to define productivity in terms of outcomes, while individual contributors often define it in terms of output."
25,Microsoft_New_Future_of_Work_Report_2022,Productivity,What additional factors should be considered when evaluating productivity in hybrid work?,"Organizations should consider well-being, collaboration, innovation, and long-term performance in addition to traditional productivity measures."
26,Microsoft_New_Future_of_Work_Report_2022,Productivity,What does the report conclude about productivity during the pandemic?,"Research findings are mixed, with some studies reporting productivity improvements and others reporting declines."
27,Microsoft_New_Future_of_Work_Report_2022,Productivity,How did employees and business leaders differ in their views of productivity during remote work?,"Many employees reported being as productive or more productive, while many business leaders believed productivity had declined."
28,Microsoft_New_Future_of_Work_Report_2022,Hybrid Work,How can hybrid work improve productivity?,Hybrid work can improve productivity by allowing employees to choose the work environment that best fits their tasks and personal needs.
29,Microsoft_New_Future_of_Work_Report_2022,Hybrid Work,What condition is important for successful hybrid work according to the report?,Many benefits of hybrid work depend on having a sufficient number of employees present in the office when needed.
30,Microsoft_New_Future_of_Work_Report_2022,Work Environment,Which workplace environmental factors can influence employee productivity?,"Environmental factors such as air quality, lighting, temperature, and noise levels can significantly affect employee productivity."
31,Microsoft_New_Future_of_Work_Report_2022,Work Environment,How can poor indoor air quality affect productivity?,"Poor indoor air quality can reduce cognitive performance and increase errors, negatively affecting productivity."
32,Microsoft_New_Future_of_Work_Report_2022,Work Environment,What effect can high workplace temperatures have on employees?,Higher temperatures have been associated with lower cognitive performance and reduced productivity.
33,Microsoft_New_Future_of_Work_Report_2022,Work Environment,How does excessive workplace noise affect employees?,High noise levels can reduce memory and motivation while increasing fatigue.
34,Microsoft_New_Future_of_Work_Report_2022,Work Environment,What challenge does remote work create for open-plan offices?,Frequent online meetings can increase noise pollution in open-plan offices.
35,Microsoft_New_Future_of_Work_Report_2022,Well-being,Why should organizations pay attention to employees' physical work environments?,"Environmental conditions such as air quality, lighting, temperature, and noise can directly influence employee well-being and productivity."
36,Microsoft_New_Future_of_Work_Report_2022,Well-being,"According to the report, why is employee well-being becoming an important measure of productivity?","Organizations increasingly recognize that productivity should include employee well-being, collaboration, and innovation rather than focusing only on output."
37,Microsoft_New_Future_of_Work_Report_2022,Hybrid Work,What advantage does hybrid work provide for different types of tasks?,Hybrid work allows employees to perform different tasks in the environment that best supports those activities.
38,Microsoft_New_Future_of_Work_Report_2022,Hybrid Work,Why is flexibility considered valuable in hybrid work?,Flexibility enables employees to choose where they can work most effectively while balancing personal and professional responsibilities.
39,Microsoft_New_Future_of_Work_Report_2022,Research,Does the report conclude that remote work always increases productivity?,"No. The report states that research findings are mixed and that productivity varies across organizations, jobs, and individuals."
40,Microsoft_New_Future_of_Work_Report_2022,Research,Why does the report encourage additional research on hybrid work?,Because hybrid work is evolving rapidly and many important questions remain unanswered.
41,Microsoft_New_Future_of_Work_Report_2022,Research,What overall goal does the report have for future workplace research?,"The report aims to help researchers and organizations build a more meaningful, productive, and equitable future of work."
42,Microsoft_New_Future_of_Work_Report_2022,Individuals,What balance does the report encourage organizations to achieve?,"Organizations should balance employee flexibility with collaboration, organizational goals, and business needs."
43,Microsoft_New_Future_of_Work_Report_2022,Individuals,Why is adaptability important in hybrid work?,"Employees and organizations must continuously adapt to changing technologies, work practices, and employee expectations."
44,Microsoft_New_Future_of_Work_Report_2022,Individuals,How does technology support hybrid work?,"Technology enables communication, collaboration, knowledge sharing, and productivity regardless of employees' physical locations."
45,Microsoft_New_Future_of_Work_Report_2022,Overview,What is the overall message of the first section of the report?,"Hybrid work is reshaping the future of work, requiring organizations to rethink productivity, flexibility, employee well-being, and workplace technology."
46,Microsoft_New_Future_of_Work_Report_2022,Teams,What is the primary focus of the Teams section?,"The Teams section examines collaboration, meetings, communication tools, asynchronous work, and emerging technologies that support hybrid teamwork."
47,Microsoft_New_Future_of_Work_Report_2022,Teams,Why are meetings receiving increased attention in hybrid work research?,"Because meetings are central to collaboration, and hybrid work has changed how employees participate and communicate."
48,Microsoft_New_Future_of_Work_Report_2022,Meetings,How can organizations improve meeting effectiveness?,Organizations can improve meetings by selecting meeting formats and locations that best match the meeting's objectives.
49,Microsoft_New_Future_of_Work_Report_2022,Meetings,Why are meeting-free days discussed in the report?,Meeting-free days may provide employees with uninterrupted time for focused work and improve productivity.
50,Microsoft_New_Future_of_Work_Report_2022,Collaboration,Why is asynchronous collaboration becoming more important?,It enables employees in different locations and time zones to work together without needing to be online simultaneously.
51,Microsoft_New_Future_of_Work_Report_2022,Technology,How is technology changing collaboration in hybrid work?,"Technology supports communication, file sharing, virtual meetings, and collaboration across distributed teams."
52,Microsoft_New_Future_of_Work_Report_2022,Technology,What emerging technologies are highlighted for future collaboration?,"The report highlights virtual reality (VR), augmented reality (AR), and mixed reality technologies."
53,Microsoft_New_Future_of_Work_Report_2022,Technology,Why are VR and AR discussed in the report?,They have the potential to create more immersive and interactive collaboration experiences for hybrid teams.
54,Microsoft_New_Future_of_Work_Report_2022,Collaboration,Why is communication important in hybrid teams?,"Effective communication helps maintain coordination, trust, and productivity among team members working from different locations."
55,Microsoft_New_Future_of_Work_Report_2022,Collaboration,What challenge do distributed teams face?,"Distributed teams must coordinate work effectively despite differences in location, schedules, and communication styles."
56,Microsoft_New_Future_of_Work_Report_2022,Artificial Intelligence,How can Artificial Intelligence support hybrid work?,"AI can improve collaboration, recommend relevant information, automate routine tasks, and help employees work more efficiently."
57,Microsoft_New_Future_of_Work_Report_2022,Artificial Intelligence,Why does the report discuss recommender systems?,"Because recommender systems can help employees discover useful information, documents, and collaborators."
58,Microsoft_New_Future_of_Work_Report_2022,Hybrid Work,Why should organizations continue experimenting with hybrid work practices?,"Because hybrid work is still evolving, and experimentation helps identify practices that improve employee experience and organizational performance."
59,Microsoft_New_Future_of_Work_Report_2022,Research,What does the report encourage organizations to do when adopting hybrid work?,Organizations should use research findings to guide decisions and continuously evaluate new workplace practices.
60,Microsoft_New_Future_of_Work_Report_2022,Teams,What is the overall message of the Teams section?,"Successful hybrid teamwork depends on effective collaboration practices supported by appropriate technology, communication, and flexible work processes."
61,Microsoft_New_Future_of_Work_Report_2022,Organizations,What is the primary focus of the Organizations section?,"The Organizations section examines how hybrid work affects organizational culture, communication, leadership, office space, and employee expectations."
62,Microsoft_New_Future_of_Work_Report_2022,Organizations,Why is social capital important in hybrid organizations?,"Social capital strengthens relationships, trust, collaboration, and knowledge sharing among employees."
63,Microsoft_New_Future_of_Work_Report_2022,Organizations,What challenge can hybrid work create for organizational communication?,Hybrid work can reduce spontaneous interactions and make cross-team communication more difficult.
64,Microsoft_New_Future_of_Work_Report_2022,Leadership,Why do leaders need to adapt their management practices?,"Leaders need to support distributed teams, maintain employee engagement, and manage flexible work arrangements effectively."
65,Microsoft_New_Future_of_Work_Report_2022,Leadership,What misconception about hybrid work does the report encourage leaders to avoid?,The report encourages leaders to avoid assuming that employee visibility is the same as employee productivity.
66,Microsoft_New_Future_of_Work_Report_2022,Employee Experience,What employee expectations have increased since the pandemic?,"Employees increasingly expect flexibility, trust, meaningful work, and support for well-being."
67,Microsoft_New_Future_of_Work_Report_2022,Organizations,How does the report discuss systemic loneliness?,"The report discusses systemic loneliness through workplace loneliness and social isolation, particularly among remote, hybrid, and gig workers, and notes negative effects on wellbeing and work performance."
68,Microsoft_New_Future_of_Work_Report_2022,Organizations,Why should organizations address systemic loneliness?,"Reducing loneliness can improve collaboration, employee engagement, and organizational culture."
69,Microsoft_New_Future_of_Work_Report_2022,Office Space,How is hybrid work changing the role of office space?,"Organizations are rethinking office spaces to better support collaboration, teamwork, and social interaction."
70,Microsoft_New_Future_of_Work_Report_2022,Office Space,Why is the office still important in a hybrid work environment?,"The office remains valuable for collaboration, relationship building, mentoring, and activities that benefit from in-person interaction."
71,Microsoft_New_Future_of_Work_Report_2022,Organizations,What is the Great Reshuffle?,The Great Reshuffle refers to large-scale changes in employee career decisions and movement between jobs during the hybrid work era.
72,Microsoft_New_Future_of_Work_Report_2022,Organizations,How should organizations respond to the Great Reshuffle?,"Organizations should improve employee experience, provide flexibility, and create opportunities for career growth and retention."
73,Microsoft_New_Future_of_Work_Report_2022,Leadership,Why is trust important in hybrid organizations?,"Trust enables employees to work independently while maintaining collaboration, accountability, and strong performance."
74,Microsoft_New_Future_of_Work_Report_2022,Organizations,How should organizations make decisions about hybrid work?,"Organizations should use evidence, research findings, and continuous experimentation to guide hybrid work decisions."
75,Microsoft_New_Future_of_Work_Report_2022,Organizations,What is the overall message of the Organizations section?,"Organizations should redesign leadership, communication, workplace practices, and office environments to successfully support hybrid work."
76,Microsoft_New_Future_of_Work_Report_2022,Society,What is the primary focus of the Society section?,"The Society section examines how hybrid work affects communities, labor markets, geography, inclusion, and sustainability."
77,Microsoft_New_Future_of_Work_Report_2022,Society,How is hybrid work changing the geography of work?,"Hybrid work enables many employees to work from locations outside traditional office areas, changing where people choose to live and work."
78,Microsoft_New_Future_of_Work_Report_2022,Society,How can hybrid work expand employment opportunities?,Hybrid work allows organizations to recruit talent from a wider geographic area instead of limiting hiring to employees near company offices.
79,Microsoft_New_Future_of_Work_Report_2022,Society,Why does the report discuss developing markets?,"Because hybrid work may affect different regions differently, and researchers are studying how flexible work can support employees in developing markets."
80,Microsoft_New_Future_of_Work_Report_2022,Inclusion,Why is inclusivity an important consideration in hybrid work?,Organizations should ensure that hybrid work provides equal opportunities and access regardless of where employees work.
81,Microsoft_New_Future_of_Work_Report_2022,Technology,What role does the computing industry play in the Hybrid Work Era?,The computing industry plays an important role in developing technologies that maximize the benefits of hybrid work while promoting equitable outcomes.
82,Microsoft_New_Future_of_Work_Report_2022,Sustainability,How can hybrid work contribute to sustainability?,Hybrid work can reduce commuting and support more sustainable ways of working.
83,Microsoft_New_Future_of_Work_Report_2022,Society,Why should organizations consider the broader societal impact of hybrid work?,"Because hybrid work affects employees, families, communities, transportation, and local economies."
84,Microsoft_New_Future_of_Work_Report_2022,Society,What challenge does the report identify regarding equal access to hybrid work?,"Not all jobs or workers have the same opportunity to participate in hybrid work, creating potential inequalities."
85,Microsoft_New_Future_of_Work_Report_2022,Society,What is the overall message of the Society section?,"Hybrid work has significant societal impacts that require organizations, researchers, and policymakers to promote fairness, inclusion, and sustainability."
86,Microsoft_New_Future_of_Work_Report_2022,Forecast,What is the purpose of the Forecast section?,"The Forecast section explores future trends, emerging technologies, and research questions that may shape the future of work."
87,Microsoft_New_Future_of_Work_Report_2022,Forecast,Why does the report emphasize future research?,"Because hybrid work continues to evolve rapidly, creating new opportunities and unanswered research questions."
88,Microsoft_New_Future_of_Work_Report_2022,Forecast,How is Artificial Intelligence expected to influence the future of work?,"Artificial Intelligence is expected to improve productivity, collaboration, decision-making, and workplace experiences through intelligent tools and automation."
89,Microsoft_New_Future_of_Work_Report_2022,Forecast,Why is continuous experimentation important for organizations?,Experimentation allows organizations to evaluate new workplace practices and adapt to changing employee needs and technologies.
90,Microsoft_New_Future_of_Work_Report_2022,Forecast,What is the overall conclusion of the Microsoft New Future of Work Report 2022?,"Organizations should use research, technology, flexibility, and continuous learning to build a productive, inclusive, and sustainable future of work."
91,Microsoft_New_Future_of_Work_Report_2022,Forecast,Why does the report encourage organizations to rethink productivity?,"The report argues that productivity should include outcomes such as well-being, collaboration, innovation, and employee experience rather than focusing only on output."
92,Microsoft_New_Future_of_Work_Report_2022,Forecast,What role will hybrid work play in the future according to the report?,Hybrid work is expected to remain a long-term model that combines flexibility with in-person collaboration.
93,Microsoft_New_Future_of_Work_Report_2022,Forecast,Why is flexibility expected to remain important in the future of work?,"Employees increasingly value flexibility in where and how they work, making it an important factor for attracting and retaining talent."
94,Microsoft_New_Future_of_Work_Report_2022,Forecast,How should organizations prepare for future workplace changes?,"Organizations should continuously learn, experiment with new practices, and adapt their policies based on research and employee needs."
95,Microsoft_New_Future_of_Work_Report_2022,Forecast,Why is trust considered essential in future workplaces?,"Trust allows employees greater autonomy while supporting accountability, collaboration, and organizational performance."
96,Microsoft_New_Future_of_Work_Report_2022,Forecast,How can data support better workplace decisions?,"Data helps organizations understand employee behavior, evaluate workplace practices, and make evidence-based decisions."
97,Microsoft_New_Future_of_Work_Report_2022,Forecast,Why are digital collaboration tools expected to become increasingly important?,"Because they enable communication, knowledge sharing, and teamwork across distributed and hybrid work environments."
98,Microsoft_New_Future_of_Work_Report_2022,Forecast,What does the report suggest about innovation in hybrid work?,Innovation should combine new technologies with improved workplace practices to enhance employee and organizational performance.
99,Microsoft_New_Future_of_Work_Report_2022,Forecast,Why should organizations continue investing in employee development?,"Continuous learning helps employees adapt to evolving technologies, work practices, and organizational needs."
100,Microsoft_New_Future_of_Work_Report_2022,Forecast,How does the report describe the future of work?,"The future of work is expected to be more flexible, technology-enabled, research-driven, and centered on employee well-being."
101,Microsoft_New_Future_of_Work_Report_2022,Research,Why does the report emphasize evidence-based decision making?,Organizations should rely on research findings rather than assumptions when designing future workplace strategies.
102,Microsoft_New_Future_of_Work_Report_2022,Research,What role does interdisciplinary research play in the future of work?,"Interdisciplinary research helps organizations better understand the technological, social, and organizational challenges of hybrid work."
103,Microsoft_New_Future_of_Work_Report_2022,Inclusion,Why should organizations prioritize inclusion in hybrid workplaces?,Inclusive workplace practices help ensure that all employees have equal opportunities to contribute and succeed regardless of where they work.
104,Microsoft_New_Future_of_Work_Report_2022,Technology,How should organizations view technology in the future workplace?,"Technology should be viewed as an enabler that supports people, collaboration, productivity, and innovation rather than replacing human workers."
105,Microsoft_New_Future_of_Work_Report_2022,Forecast,What is the central message of the report's Forecast section?,"Organizations that combine research, technology, flexibility, and human-centered workplace practices will be better prepared for the future of work."
106,Microsoft_New_Future_of_Work_Report_2022,Appendix,What is the purpose of the Appendix?,"The Appendix provides supporting references, additional resources, and supplementary information used throughout the report."
107,Microsoft_New_Future_of_Work_Report_2022,Research,What types of evidence support the findings presented in the report?,"The report is supported by surveys, interviews, field studies, experiments, AI research, and publications from Microsoft researchers and the broader research community."
108,Microsoft_New_Future_of_Work_Report_2022,Research,Why does the report include extensive academic references?,"The references allow readers to verify findings, explore the original research, and build on previous work."
109,Microsoft_New_Future_of_Work_Report_2022,Research,Who is the intended audience of this report?,"The report is intended for researchers, organizational leaders, policymakers, and anyone interested in understanding the future of hybrid work."
110,Microsoft_New_Future_of_Work_Report_2022,Research,How does the report encourage future collaboration?,"It encourages researchers, organizations, and industry leaders to share knowledge and collaborate in shaping the future of work."
111,Microsoft_New_Future_of_Work_Report_2022,Conclusion,What is the overall goal of the Microsoft New Future of Work Report 2022?,"The report aims to help organizations create a future of work that is more productive, flexible, inclusive, equitable, and supported by research and technology."
1,Responsible AI Transparency Report 2025,Overview,What is the purpose of the 2025 Responsible AI Transparency Report?,"To explain how Microsoft builds AI responsibly, supports customers, and continues to improve its responsible AI practices."
2,Responsible AI Transparency Report 2025,Overview,When was Microsoft's first Responsible AI Transparency Report released?,May 2024.
3,Responsible AI Transparency Report 2025,Overview,Why was the 2025 report published?,"To provide updates on how Microsoft builds and deploys AI responsibly, supports customers, and evolves its responsible AI program."
4,Responsible AI Transparency Report 2025,Governance,Why has AI governance become increasingly important according to the report?,"Because rapid AI adoption has increased the need for effective governance, risk management, and trustworthy AI."
5,Responsible AI Transparency Report 2025,Survey,What did more than 30% of respondents identify as the main barrier to adopting and scaling AI?,The lack of governance and risk management solutions.
6,Responsible AI Transparency Report 2025,Survey,What benefits did organizations report from using responsible AI risk management tools?,"Improved data privacy, customer experience, confident business decisions, brand reputation, and trust."
7,Responsible AI Transparency Report 2025,Regulation,Why does Microsoft believe it is well prepared for emerging AI regulations?,Because it has invested in operationalizing responsible AI practices for nearly a decade.
8,Responsible AI Transparency Report 2025,Future Plans,What are Microsoft's three main priorities for the coming year?,"Develop more flexible risk management techniques, advance shared governance norms and tools, and support effective governance across the AI supply chain."
9,Responsible AI Transparency Report 2025,Mission,What is Microsoft's long-term objective regarding AI trust?,"To continue earning, building, and maintaining trust in AI technology so people around the world can benefit from its potential."
10,Responsible AI Transparency Report 2025,Leadership,Who wrote the foreword of the report?,"Teresa Hutson, Corporate Vice President, and Natasha Crampton, Chief Responsible AI Officer."
11,Responsible AI Transparency Report 2025,Responsible AI,What are Microsoft's six Responsible AI principles?,"Fairness, Reliability and Safety, Privacy and Security, Inclusiveness, Transparency, and Accountability."
12,Responsible AI Transparency Report 2025,Responsible AI,Why did Microsoft establish Responsible AI principles?,"To guide the design, development, and deployment of AI systems that are trustworthy and aligned with human values."
13,Responsible AI Transparency Report 2025,Governance,What is the purpose of Microsoft's Responsible AI Standard?,The Responsible AI Standard translates Microsoft's Responsible AI principles into concrete engineering and governance requirements.
14,Responsible AI Transparency Report 2025,Governance,Who is responsible for implementing the Responsible AI Standard?,Product teams developing or deploying AI systems are responsible for implementing the Responsible AI Standard.
15,Responsible AI Transparency Report 2025,Governance,How does Microsoft support teams in applying the Responsible AI Standard?,"Microsoft provides governance processes, tools, guidance, training, and expert support throughout the AI development lifecycle."
16,Responsible AI Transparency Report 2025,Risk Management,Why does Microsoft perform Responsible AI impact assessments?,"To identify, evaluate, and mitigate potential risks before AI systems are deployed."
17,Responsible AI Transparency Report 2025,Risk Management,What factors are considered during Responsible AI risk assessments?,"Potential impacts on people, likelihood of harm, severity of risks, and appropriate mitigation measures."
18,Responsible AI Transparency Report 2025,Accountability,Why is accountability important in Microsoft's Responsible AI approach?,"Accountability ensures that AI systems are developed, reviewed, and governed by clearly defined roles and responsibilities."
19,Responsible AI Transparency Report 2025,Training,How does Microsoft help employees practice Responsible AI?,"Through internal training programs, guidance, documentation, and ongoing education on Responsible AI requirements."
20,Responsible AI Transparency Report 2025,Overview,What is the overall goal of Microsoft's Responsible AI governance framework?,"To ensure AI systems are developed, deployed, and managed responsibly while reducing potential risks and increasing user trust."
21,Responsible AI Transparency Report 2025,Governance,What is the role of the Office of Responsible AI (ORA)?,"The Office of Responsible AI oversees Microsoft's Responsible AI governance program, develops policies and standards, and supports teams in implementing Responsible AI practices."
22,Responsible AI Transparency Report 2025,Governance,What is the purpose of Microsoft's Responsible AI Council?,"The Responsible AI Council provides cross-functional oversight, governance, and strategic guidance for Responsible AI across the company."
23,Responsible AI Transparency Report 2025,Governance,Which teams participate in Responsible AI governance?,"Responsible AI governance involves engineering, legal, research, policy, security, privacy, and other cross-functional teams."
24,Responsible AI Transparency Report 2025,Governance,Why does Microsoft use cross-functional governance for AI?,"Cross-functional governance ensures that technical, legal, ethical, security, and policy perspectives are considered throughout AI development."
25,Responsible AI Transparency Report 2025,Governance,When are Responsible AI reviews conducted?,"Responsible AI reviews are conducted throughout the AI development lifecycle, particularly before high-impact AI systems are deployed."
26,Responsible AI Transparency Report 2025,Governance,What is the purpose of Responsible AI reviews?,Responsible AI reviews evaluate whether identified risks have been appropriately assessed and mitigated before deployment.
27,Responsible AI Transparency Report 2025,Roles and Responsibilities,Who is responsible for managing Responsible AI risks?,"Responsibility is shared among product teams, governance bodies, subject-matter experts, and organizational leadership."
28,Responsible AI Transparency Report 2025,Governance,How does Microsoft continuously improve its Responsible AI program?,"Microsoft regularly updates its governance processes, standards, tools, and guidance based on new research, operational experience, and evolving regulations."
29,Responsible AI Transparency Report 2025,Governance,Why does Microsoft update its Responsible AI Standard over time?,"The Responsible AI Standard is updated to reflect advances in AI technology, lessons learned, and changes in regulatory and societal expectations."
30,Responsible AI Transparency Report 2025,Governance,What is the overall objective of Microsoft's Responsible AI governance structure?,"The governance structure promotes consistent oversight, accountability, and responsible decision-making across the lifecycle of AI systems."
31,Responsible AI Transparency Report 2025,Risk Identification,"What is the purpose of the ""Map"" function in Microsoft's AI risk management framework?","The Map function identifies, prioritizes, and continuously monitors AI risks throughout the AI lifecycle."
32,Responsible AI Transparency Report 2025,Risk Identification,What methods does Microsoft use to identify AI risks?,"Microsoft uses threat modeling, Responsible AI impact assessments, customer feedback, incident response, external research, and AI red teaming to identify risks."
33,Responsible AI Transparency Report 2025,Red Teaming,What is AI red teaming?,AI red teaming is the process of simulating adversarial attacks to identify vulnerabilities and risks in AI systems before deployment.
34,Responsible AI Transparency Report 2025,Red Teaming,Who performs high-risk AI red teaming at Microsoft?,Microsoft's centralized AI Red Team (AIRT) independently conducts red teaming for the highest-risk AI systems and models.
35,Responsible AI Transparency Report 2025,Red Teaming,How many AI red team operations did Microsoft conduct in 2024?,Microsoft's AI Red Team conducted 67 operations across Copilots and AI models in 2024.
36,Responsible AI Transparency Report 2025,Red Teaming,Which new AI modalities were included in red teaming during 2024?,"Microsoft expanded red teaming to image-to-image, video-to-text, text-to-video, and text-to-audio AI systems."
37,Responsible AI Transparency Report 2025,Red Teaming,Why does Microsoft perform red teaming before deployment?,Red teaming helps identify vulnerabilities and potential misuse so that risks can be mitigated before AI systems are released.
38,Responsible AI Transparency Report 2025,Risk Management,Why must AI risk management remain flexible?,Because new and previously unforeseen risks may emerge during development or after deployment.
39,Responsible AI Transparency Report 2025,Open Source Tools,What is PyRIT?,PyRIT is Microsoft's open-source Python Risk Identification Toolkit that supports AI red teaming and risk identification.
40,Responsible AI Transparency Report 2025,Risk Identification,What is the overall goal of the Map function?,"The Map function enables Microsoft to identify risks early, prioritize mitigation efforts, and support responsible AI deployment."
41,Responsible AI Transparency Report 2025,Risk Measurement,"What is the purpose of the ""Measure"" function in Microsoft's AI risk management framework?","The Measure function assesses AI risks, evaluates the effectiveness of mitigations, and supports informed deployment decisions."
42,Responsible AI Transparency Report 2025,Risk Measurement,Why is AI risk measurement important?,AI risk measurement helps Microsoft prioritize mitigations and evaluate whether those mitigations effectively reduce identified risks.
43,Responsible AI Transparency Report 2025,Evaluation,What are the three main components of Microsoft's automated measurement pipeline?,"The pipeline includes the target AI system, an adversarial conversation simulator, and an evaluator system that annotates the results."
44,Responsible AI Transparency Report 2025,Evaluation,What is the role of the adversarial conversation simulator?,It interacts with the target AI system by simulating adversarial user behavior to generate evaluation data.
45,Responsible AI Transparency Report 2025,Evaluation,What does the evaluator system do?,The evaluator system annotates AI outputs according to policies and instructions developed by human experts to identify harmful or undesirable content.
46,Responsible AI Transparency Report 2025,Evaluation,How does Microsoft verify the quality of AI-generated annotations?,AI-generated annotations are compared with human annotations and improved when necessary.
47,Responsible AI Transparency Report 2025,Risk Measurement,How are measurement results used?,The annotated datasets are used to calculate metrics that guide downstream risk mitigation decisions.
48,Responsible AI Transparency Report 2025,Automation,Why does Microsoft use generative AI in its measurement pipelines?,Generative AI helps scale AI risk measurement and evaluation processes efficiently.
49,Responsible AI Transparency Report 2025,Customer Support,How does Microsoft support customers in AI risk measurement?,Microsoft shares tools and resources that help customers measure AI risks and evaluate mitigation strategies.
50,Responsible AI Transparency Report 2025,Risk Measurement,What is the overall objective of the Measure function?,The Measure function provides reliable evidence for assessing AI risks and determining whether mitigations are effective before deployment.
51,Responsible AI Transparency Report 2025,Risk Management,"What is the purpose of the ""Manage"" function in Microsoft's AI risk management framework?","The Manage function implements risk mitigations, monitors AI systems after deployment, and responds to newly identified risks."
52,Responsible AI Transparency Report 2025,Risk Management,When are AI risk mitigations applied?,"Risk mitigations are applied throughout the AI development lifecycle, before deployment and continuously after deployment as needed."
53,Responsible AI Transparency Report 2025,Deployment,Why does Microsoft perform pre-deployment reviews?,Pre-deployment reviews verify that identified risks have been evaluated and appropriate mitigations have been implemented before AI systems are released.
54,Responsible AI Transparency Report 2025,Deployment,Why is post-deployment monitoring important?,"Post-deployment monitoring helps identify emerging risks, measure the effectiveness of mitigations, and respond to real-world issues."
55,Responsible AI Transparency Report 2025,Safety,How does Microsoft improve AI system safety after deployment?,"Microsoft continuously monitors AI systems, collects operational feedback, investigates incidents, and updates mitigations when necessary."
56,Responsible AI Transparency Report 2025,Customer Support,How does Microsoft help customers deploy AI responsibly?,"Microsoft provides guidance, documentation, tools, and Responsible AI resources to help customers identify and mitigate AI risks during deployment."
57,Responsible AI Transparency Report 2025,Customer Commitments,What are Microsoft's AI Customer Commitments designed to provide?,"They provide customers with resources, protections, and guidance to support the responsible development and deployment of AI solutions."
58,Responsible AI Transparency Report 2025,Transparency,Why does Microsoft publish transparency documentation for AI systems?,"Transparency documentation helps customers understand AI capabilities, limitations, intended uses, and Responsible AI considerations."
59,Responsible AI Transparency Report 2025,Continuous Improvement,Why does Microsoft continuously update its Responsible AI practices?,"Microsoft updates its practices to address new technologies, emerging risks, evolving regulations, and lessons learned from real-world AI deployments."
60,Responsible AI Transparency Report 2025,Risk Management,What is the overall objective of the Manage function?,"The Manage function ensures AI risks are continuously mitigated, monitored, and governed throughout the operational lifecycle of AI systems."

H1,Internal Employee Handbook,Hallucination Test,What is the CEO's favorite food?,"Not found in the company documents."
H2,Internal Employee Handbook,Hallucination Test,What color is the employee identification badge?,"Not found in the company documents."
H3,Internal Employee Handbook,Hallucination Test,What is the exact annual salary of the Head of Human Resources?,"Not found in the company documents."
H4,Internal Employee Handbook,Hallucination Test,Are employees entitled to exactly 30 paid vacation days per year?,"Not found in the company documents."
H5,Microsoft Privacy Statement,Hallucination Test,What is Microsoft's CEO's blood type?,"Not found in the company documents."
H6,Microsoft_New_Future_of_Work_Report_2022,Hallucination Test,What is Jaime Teevan's favorite restaurant?,"Not found in the company documents."
H7,Enable Remote Work,Hallucination Test,What brand of chair does Microsoft require remote employees to use?,"Not found in the company documents."
H8,Microsoft_New_Future_of_Work_Report_2022,Hallucination Test,Does the report state that all employees must work from the office exactly three days per week?,"Not found in the company documents."